-- Adminer 5.3.0 MySQL 8.4.5 dump

SET NAMES utf8;
SET time_zone = '+00:00';
SET foreign_key_checks = 0;
SET sql_mode = 'NO_AUTO_VALUE_ON_ZERO';

DELIMITER ;;

DROP PROCEDURE IF EXISTS `pUserList`;;
CREATE PROCEDURE `pUserList` (IN `searchColumn` varchar(20), IN `searchValue` varchar(50), IN `sortColumn` varchar(20), IN `sortOrder` varchar(4), IN `currentPage` tinyint, IN `pageSize` tinyint, OUT `firstPage` tinyint, OUT `lastPage` tinyint)
BEGIN

DECLARE offsetValue INT;
DECLARE totalRecord INT;
SET sortColumn = IFNULL(sortColumn, 'id');
SET sortOrder = IFNULL(sortOrder, 'ASC');

SET totalRecord = (SELECT COUNT(*) FROM user
WHERE searchColumn IS NULL OR searchColumn = searchValue);

SET firstPage = 1;
SET lastPage = CEIL(totalRecord/pageSize);
SET offsetValue = (currentPage - 1) * pageSize;

SELECT * FROM user
WHERE searchColumn IS NULL OR searchColumn = searchValue
ORDER BY `name`
LIMIT offsetValue, pageSize;

END;;

DELIMITER ;

SET NAMES utf8mb4;

INSERT INTO `config` (`id`, `group`, `value`, `text`, `createdAtUTC`, `createdBy`, `updatedAtUTC`, `updatedBy`) VALUES
('f7052b5f-58be-11f0-ad6b-b88d122a4ff4',	'RESERVATION_STATUS',	'NEW',	'NEW',	'2025-07-04 10:09:26',	'00000000-0000-0000-0000-000000000000',	'2025-07-04 10:09:26',	'00000000-0000-0000-0000-000000000000'),
('f705a9b1-58be-11f0-ad6b-b88d122a4ff4',	'RESERVATION_STATUS',	'CIN',	'CIN',	'2025-07-04 10:09:26',	'00000000-0000-0000-0000-000000000000',	'2025-07-04 10:09:26',	'00000000-0000-0000-0000-000000000000'),
('f705add8-58be-11f0-ad6b-b88d122a4ff4',	'RESERVATION_STATUS',	'OUT',	'OUT',	'2025-07-04 10:09:26',	'00000000-0000-0000-0000-000000000000',	'2025-07-04 10:09:26',	'00000000-0000-0000-0000-000000000000'),
('f705afcd-58be-11f0-ad6b-b88d122a4ff4',	'RESERVATION_STATUS',	'CCL',	'CCL',	'2025-07-04 10:09:26',	'00000000-0000-0000-0000-000000000000',	'2025-07-04 10:09:26',	'00000000-0000-0000-0000-000000000000'),
('f7060f8d-58be-11f0-ad6b-b88d122a4ff4',	'RESERVATION_TYPE',	'GENERAL',	'General',	'2025-07-04 10:09:26',	'00000000-0000-0000-0000-000000000000',	'2025-07-04 10:09:26',	'00000000-0000-0000-0000-000000000000'),
('f706123c-58be-11f0-ad6b-b88d122a4ff4',	'RESERVATION_TYPE',	'MEMBER',	'Member',	'2025-07-04 10:09:26',	'00000000-0000-0000-0000-000000000000',	'2025-07-04 10:09:26',	'00000000-0000-0000-0000-000000000000'),
('f70613be-58be-11f0-ad6b-b88d122a4ff4',	'RESERVATION_TYPE',	'TOUR',	'Tour',	'2025-07-04 10:09:26',	'00000000-0000-0000-0000-000000000000',	'2025-07-04 10:09:26',	'00000000-0000-0000-0000-000000000000'),
('f7061548-58be-11f0-ad6b-b88d122a4ff4',	'RIDE_TYPE',	'NOT_REQUIRED',	'Not Required',	'2025-07-04 10:09:26',	'00000000-0000-0000-0000-000000000000',	'2025-07-04 10:09:26',	'00000000-0000-0000-0000-000000000000'),
('f70616e0-58be-11f0-ad6b-b88d122a4ff4',	'RIDE_TYPE',	'SHARED',	'Shared',	'2025-07-04 10:09:26',	'00000000-0000-0000-0000-000000000000',	'2025-07-04 10:09:26',	'00000000-0000-0000-0000-000000000000'),
('f7061875-58be-11f0-ad6b-b88d122a4ff4',	'RIDE_TYPE',	'PRIVATE',	'Private',	'2025-07-04 10:09:26',	'00000000-0000-0000-0000-000000000000',	'2025-07-04 10:09:26',	'00000000-0000-0000-0000-000000000000');

INSERT INTO `prepaid` (`id`, `value`, `text`, `days`, `createdAtUTC`, `createdBy`, `updatedAtUTC`, `updatedBy`) VALUES
('3de777df-5a1a-11f0-9a7b-b88d122a4ff4',	'NINETY_DAYS',	'90 Days',	0,	'2025-07-06 10:35:20',	'00000000-0000-0000-0000-000000000000',	'2025-07-06 10:35:20',	'00000000-0000-0000-0000-000000000000');

INSERT INTO `promotion` (`id`, `value`, `text`, `createdAtUTC`, `createdBy`, `updatedAtUTC`, `updatedBy`) VALUES
('7afdb809-5a1b-11f0-9a7b-b88d122a4ff4',	'TWELVE_GUESTS',	'12 Guests',	'2025-07-06 10:44:12',	'00000000-0000-0000-0000-000000000000',	'2025-07-06 10:44:12',	'00000000-0000-0000-0000-000000000000'),
('abc1bc60-5a1b-11f0-9a7b-b88d122a4ff4',	'THIRTY_DAYS',	'30 Days',	'2025-07-06 10:45:34',	'00000000-0000-0000-0000-000000000000',	'2025-07-06 10:45:34',	'00000000-0000-0000-0000-000000000000');

INSERT INTO `room` (`id`, `roomTypeId`, `roomNo`, `isAvailable`, `location`, `createdAtUTC`, `createdBy`, `updatedAtUTC`, `updatedBy`) VALUES
('41193e24-6c8b-11f0-bdf8-b88d122a4ff4',	'7ea5128a-685f-11f0-9a03-b88d122a4ff4',	'A801',	1,	'MIDA',	'2025-01-01 00:00:00',	'00000000-0000-0000-0000-000000000000',	'2025-01-01 00:00:00',	'00000000-0000-0000-0000-000000000000'),
('41194576-6c8b-11f0-bdf8-b88d122a4ff4',	'7ea5128a-685f-11f0-9a03-b88d122a4ff4',	'A802',	1,	'MIDA',	'2025-01-01 00:00:00',	'00000000-0000-0000-0000-000000000000',	'2025-01-01 00:00:00',	'00000000-0000-0000-0000-000000000000'),
('4119477a-6c8b-11f0-bdf8-b88d122a4ff4',	'7ea5128a-685f-11f0-9a03-b88d122a4ff4',	'A803',	1,	'MIDA',	'2025-01-01 00:00:00',	'00000000-0000-0000-0000-000000000000',	'2025-01-01 00:00:00',	'00000000-0000-0000-0000-000000000000'),
('411949f3-6c8b-11f0-bdf8-b88d122a4ff4',	'7ea5128a-685f-11f0-9a03-b88d122a4ff4',	'A804',	1,	'MIDA',	'2025-01-01 00:00:00',	'00000000-0000-0000-0000-000000000000',	'2025-01-01 00:00:00',	'00000000-0000-0000-0000-000000000000'),
('41194bac-6c8b-11f0-bdf8-b88d122a4ff4',	'7ea5128a-685f-11f0-9a03-b88d122a4ff4',	'A805',	1,	'MIDA',	'2025-01-01 00:00:00',	'00000000-0000-0000-0000-000000000000',	'2025-01-01 00:00:00',	'00000000-0000-0000-0000-000000000000'),
('41194d3c-6c8b-11f0-bdf8-b88d122a4ff4',	'7ea5128a-685f-11f0-9a03-b88d122a4ff4',	'A806',	1,	'MIDA',	'2025-01-01 00:00:00',	'00000000-0000-0000-0000-000000000000',	'2025-01-01 00:00:00',	'00000000-0000-0000-0000-000000000000'),
('41194ec6-6c8b-11f0-bdf8-b88d122a4ff4',	'7ea5128a-685f-11f0-9a03-b88d122a4ff4',	'A807',	1,	'MIDA',	'2025-01-01 00:00:00',	'00000000-0000-0000-0000-000000000000',	'2025-01-01 00:00:00',	'00000000-0000-0000-0000-000000000000'),
('4119504d-6c8b-11f0-bdf8-b88d122a4ff4',	'7ea5128a-685f-11f0-9a03-b88d122a4ff4',	'A808',	1,	'MIDA',	'2025-01-01 00:00:00',	'00000000-0000-0000-0000-000000000000',	'2025-01-01 00:00:00',	'00000000-0000-0000-0000-000000000000'),
('411951de-6c8b-11f0-bdf8-b88d122a4ff4',	'7ea5128a-685f-11f0-9a03-b88d122a4ff4',	'A809',	1,	'MIDA',	'2025-01-01 00:00:00',	'00000000-0000-0000-0000-000000000000',	'2025-01-01 00:00:00',	'00000000-0000-0000-0000-000000000000'),
('41195363-6c8b-11f0-bdf8-b88d122a4ff4',	'7ea5128a-685f-11f0-9a03-b88d122a4ff4',	'A810',	1,	'MIDA',	'2025-01-01 00:00:00',	'00000000-0000-0000-0000-000000000000',	'2025-01-01 00:00:00',	'00000000-0000-0000-0000-000000000000'),
('411954e2-6c8b-11f0-bdf8-b88d122a4ff4',	'7ea5128a-685f-11f0-9a03-b88d122a4ff4',	'A811',	1,	'MIDA',	'2025-01-01 00:00:00',	'00000000-0000-0000-0000-000000000000',	'2025-01-01 00:00:00',	'00000000-0000-0000-0000-000000000000'),
('4119573a-6c8b-11f0-bdf8-b88d122a4ff4',	'7ea5128a-685f-11f0-9a03-b88d122a4ff4',	'A812',	1,	'MIDA',	'2025-01-01 00:00:00',	'00000000-0000-0000-0000-000000000000',	'2025-01-01 00:00:00',	'00000000-0000-0000-0000-000000000000'),
('411958e9-6c8b-11f0-bdf8-b88d122a4ff4',	'7ea5128a-685f-11f0-9a03-b88d122a4ff4',	'A813',	1,	'MIDA',	'2025-01-01 00:00:00',	'00000000-0000-0000-0000-000000000000',	'2025-01-01 00:00:00',	'00000000-0000-0000-0000-000000000000'),
('41195a7e-6c8b-11f0-bdf8-b88d122a4ff4',	'7ea5128a-685f-11f0-9a03-b88d122a4ff4',	'A814',	1,	'MIDA',	'2025-01-01 00:00:00',	'00000000-0000-0000-0000-000000000000',	'2025-01-01 00:00:00',	'00000000-0000-0000-0000-000000000000'),
('41195c05-6c8b-11f0-bdf8-b88d122a4ff4',	'7ea5128a-685f-11f0-9a03-b88d122a4ff4',	'A815',	1,	'MIDA',	'2025-01-01 00:00:00',	'00000000-0000-0000-0000-000000000000',	'2025-01-01 00:00:00',	'00000000-0000-0000-0000-000000000000'),
('41195d94-6c8b-11f0-bdf8-b88d122a4ff4',	'7ea5128a-685f-11f0-9a03-b88d122a4ff4',	'A816',	1,	'MIDA',	'2025-01-01 00:00:00',	'00000000-0000-0000-0000-000000000000',	'2025-01-01 00:00:00',	'00000000-0000-0000-0000-000000000000'),
('41195f24-6c8b-11f0-bdf8-b88d122a4ff4',	'842d7b86-5c9e-11f0-9097-b88d122a4ff4',	'A431',	1,	'MIDA',	'2025-01-01 00:00:00',	'00000000-0000-0000-0000-000000000000',	'2025-01-01 00:00:00',	'00000000-0000-0000-0000-000000000000'),
('411960a5-6c8b-11f0-bdf8-b88d122a4ff4',	'842d7b86-5c9e-11f0-9097-b88d122a4ff4',	'A432',	1,	'MIDA',	'2025-01-01 00:00:00',	'00000000-0000-0000-0000-000000000000',	'2025-01-01 00:00:00',	'00000000-0000-0000-0000-000000000000'),
('41196227-6c8b-11f0-bdf8-b88d122a4ff4',	'842d7b86-5c9e-11f0-9097-b88d122a4ff4',	'A351',	1,	'MIDA',	'2025-01-01 00:00:00',	'00000000-0000-0000-0000-000000000000',	'2025-01-01 00:00:00',	'00000000-0000-0000-0000-000000000000'),
('411963a9-6c8b-11f0-bdf8-b88d122a4ff4',	'842d7b86-5c9e-11f0-9097-b88d122a4ff4',	'A352',	1,	'MIDA',	'2025-01-01 00:00:00',	'00000000-0000-0000-0000-000000000000',	'2025-01-01 00:00:00',	'00000000-0000-0000-0000-000000000000'),
('41196532-6c8b-11f0-bdf8-b88d122a4ff4',	'842d7b86-5c9e-11f0-9097-b88d122a4ff4',	'B141',	1,	'MIDA',	'2025-01-01 00:00:00',	'00000000-0000-0000-0000-000000000000',	'2025-01-01 00:00:00',	'00000000-0000-0000-0000-000000000000'),
('411966b4-6c8b-11f0-bdf8-b88d122a4ff4',	'842d7b86-5c9e-11f0-9097-b88d122a4ff4',	'B151',	1,	'MIDA',	'2025-01-01 00:00:00',	'00000000-0000-0000-0000-000000000000',	'2025-01-01 00:00:00',	'00000000-0000-0000-0000-000000000000'),
('41196832-6c8b-11f0-bdf8-b88d122a4ff4',	'842d7b86-5c9e-11f0-9097-b88d122a4ff4',	'B152',	1,	'MIDA',	'2025-01-01 00:00:00',	'00000000-0000-0000-0000-000000000000',	'2025-01-01 00:00:00',	'00000000-0000-0000-0000-000000000000'),
('411969b1-6c8b-11f0-bdf8-b88d122a4ff4',	'842d7b86-5c9e-11f0-9097-b88d122a4ff4',	'B511',	1,	'MIDA',	'2025-01-01 00:00:00',	'00000000-0000-0000-0000-000000000000',	'2025-01-01 00:00:00',	'00000000-0000-0000-0000-000000000000'),
('41196b4a-6c8b-11f0-bdf8-b88d122a4ff4',	'842d7b86-5c9e-11f0-9097-b88d122a4ff4',	'B512',	1,	'MIDA',	'2025-01-01 00:00:00',	'00000000-0000-0000-0000-000000000000',	'2025-01-01 00:00:00',	'00000000-0000-0000-0000-000000000000'),
('41196d4b-6c8b-11f0-bdf8-b88d122a4ff4',	'842d7b86-5c9e-11f0-9097-b88d122a4ff4',	'B521',	1,	'MIDA',	'2025-01-01 00:00:00',	'00000000-0000-0000-0000-000000000000',	'2025-01-01 00:00:00',	'00000000-0000-0000-0000-000000000000'),
('41196ee4-6c8b-11f0-bdf8-b88d122a4ff4',	'842d7b86-5c9e-11f0-9097-b88d122a4ff4',	'B522',	1,	'MIDA',	'2025-01-01 00:00:00',	'00000000-0000-0000-0000-000000000000',	'2025-01-01 00:00:00',	'00000000-0000-0000-0000-000000000000'),
('41197112-6c8b-11f0-bdf8-b88d122a4ff4',	'842d7b86-5c9e-11f0-9097-b88d122a4ff4',	'B531',	1,	'MIDA',	'2025-01-01 00:00:00',	'00000000-0000-0000-0000-000000000000',	'2025-01-01 00:00:00',	'00000000-0000-0000-0000-000000000000'),
('411972ba-6c8b-11f0-bdf8-b88d122a4ff4',	'842d7b86-5c9e-11f0-9097-b88d122a4ff4',	'B532',	1,	'MIDA',	'2025-01-01 00:00:00',	'00000000-0000-0000-0000-000000000000',	'2025-01-01 00:00:00',	'00000000-0000-0000-0000-000000000000'),
('41197443-6c8b-11f0-bdf8-b88d122a4ff4',	'842d7b86-5c9e-11f0-9097-b88d122a4ff4',	'B541',	1,	'MIDA',	'2025-01-01 00:00:00',	'00000000-0000-0000-0000-000000000000',	'2025-01-01 00:00:00',	'00000000-0000-0000-0000-000000000000'),
('411975c5-6c8b-11f0-bdf8-b88d122a4ff4',	'842d7b86-5c9e-11f0-9097-b88d122a4ff4',	'B542',	1,	'MIDA',	'2025-01-01 00:00:00',	'00000000-0000-0000-0000-000000000000',	'2025-01-01 00:00:00',	'00000000-0000-0000-0000-000000000000'),
('41197745-6c8b-11f0-bdf8-b88d122a4ff4',	'842d7b86-5c9e-11f0-9097-b88d122a4ff4',	'B551',	1,	'MIDA',	'2025-01-01 00:00:00',	'00000000-0000-0000-0000-000000000000',	'2025-01-01 00:00:00',	'00000000-0000-0000-0000-000000000000'),
('411978cc-6c8b-11f0-bdf8-b88d122a4ff4',	'842d7b86-5c9e-11f0-9097-b88d122a4ff4',	'B552',	1,	'MIDA',	'2025-01-01 00:00:00',	'00000000-0000-0000-0000-000000000000',	'2025-01-01 00:00:00',	'00000000-0000-0000-0000-000000000000'),
('41197a4c-6c8b-11f0-bdf8-b88d122a4ff4',	'842d7b86-5c9e-11f0-9097-b88d122a4ff4',	'B441',	1,	'MIDA',	'2025-01-01 00:00:00',	'00000000-0000-0000-0000-000000000000',	'2025-01-01 00:00:00',	'00000000-0000-0000-0000-000000000000'),
('41197bd5-6c8b-11f0-bdf8-b88d122a4ff4',	'842d7b86-5c9e-11f0-9097-b88d122a4ff4',	'B442',	1,	'MIDA',	'2025-01-01 00:00:00',	'00000000-0000-0000-0000-000000000000',	'2025-01-01 00:00:00',	'00000000-0000-0000-0000-000000000000'),
('41197d54-6c8b-11f0-bdf8-b88d122a4ff4',	'842d7b86-5c9e-11f0-9097-b88d122a4ff4',	'B241',	1,	'MIDA',	'2025-01-01 00:00:00',	'00000000-0000-0000-0000-000000000000',	'2025-01-01 00:00:00',	'00000000-0000-0000-0000-000000000000'),
('41197edd-6c8b-11f0-bdf8-b88d122a4ff4',	'842d7b86-5c9e-11f0-9097-b88d122a4ff4',	'B242',	1,	'MIDA',	'2025-01-01 00:00:00',	'00000000-0000-0000-0000-000000000000',	'2025-01-01 00:00:00',	'00000000-0000-0000-0000-000000000000'),
('4119805d-6c8b-11f0-bdf8-b88d122a4ff4',	'842d7b86-5c9e-11f0-9097-b88d122a4ff4',	'B431',	1,	'MIDA',	'2025-01-01 00:00:00',	'00000000-0000-0000-0000-000000000000',	'2025-01-01 00:00:00',	'00000000-0000-0000-0000-000000000000'),
('41198253-6c8b-11f0-bdf8-b88d122a4ff4',	'842d7b86-5c9e-11f0-9097-b88d122a4ff4',	'B432',	1,	'MIDA',	'2025-01-01 00:00:00',	'00000000-0000-0000-0000-000000000000',	'2025-01-01 00:00:00',	'00000000-0000-0000-0000-000000000000'),
('411983f2-6c8b-11f0-bdf8-b88d122a4ff4',	'842d7b86-5c9e-11f0-9097-b88d122a4ff4',	'B421',	1,	'MIDA',	'2025-01-01 00:00:00',	'00000000-0000-0000-0000-000000000000',	'2025-01-01 00:00:00',	'00000000-0000-0000-0000-000000000000'),
('4119857f-6c8b-11f0-bdf8-b88d122a4ff4',	'842d7b86-5c9e-11f0-9097-b88d122a4ff4',	'B422',	1,	'MIDA',	'2025-01-01 00:00:00',	'00000000-0000-0000-0000-000000000000',	'2025-01-01 00:00:00',	'00000000-0000-0000-0000-000000000000'),
('4119873d-6c8b-11f0-bdf8-b88d122a4ff4',	'842d7b86-5c9e-11f0-9097-b88d122a4ff4',	'B411',	1,	'MIDA',	'2025-01-01 00:00:00',	'00000000-0000-0000-0000-000000000000',	'2025-01-01 00:00:00',	'00000000-0000-0000-0000-000000000000'),
('411988c3-6c8b-11f0-bdf8-b88d122a4ff4',	'842d7b86-5c9e-11f0-9097-b88d122a4ff4',	'B412',	1,	'MIDA',	'2025-01-01 00:00:00',	'00000000-0000-0000-0000-000000000000',	'2025-01-01 00:00:00',	'00000000-0000-0000-0000-000000000000'),
('41198a45-6c8b-11f0-bdf8-b88d122a4ff4',	'842d7b86-5c9e-11f0-9097-b88d122a4ff4',	'B142',	1,	'MIDA',	'2025-01-01 00:00:00',	'00000000-0000-0000-0000-000000000000',	'2025-01-01 00:00:00',	'00000000-0000-0000-0000-000000000000'),
('41198bc5-6c8b-11f0-bdf8-b88d122a4ff4',	'842d7b86-5c9e-11f0-9097-b88d122a4ff4',	'A141',	1,	'MIDA',	'2025-01-01 00:00:00',	'00000000-0000-0000-0000-000000000000',	'2025-01-01 00:00:00',	'00000000-0000-0000-0000-000000000000'),
('41198d4c-6c8b-11f0-bdf8-b88d122a4ff4',	'842d7b86-5c9e-11f0-9097-b88d122a4ff4',	'A142',	1,	'MIDA',	'2025-01-01 00:00:00',	'00000000-0000-0000-0000-000000000000',	'2025-01-01 00:00:00',	'00000000-0000-0000-0000-000000000000'),
('41198ecd-6c8b-11f0-bdf8-b88d122a4ff4',	'842d7b86-5c9e-11f0-9097-b88d122a4ff4',	'A241',	1,	'MIDA',	'2025-01-01 00:00:00',	'00000000-0000-0000-0000-000000000000',	'2025-01-01 00:00:00',	'00000000-0000-0000-0000-000000000000'),
('41199063-6c8b-11f0-bdf8-b88d122a4ff4',	'842d7b86-5c9e-11f0-9097-b88d122a4ff4',	'A242',	1,	'MIDA',	'2025-01-01 00:00:00',	'00000000-0000-0000-0000-000000000000',	'2025-01-01 00:00:00',	'00000000-0000-0000-0000-000000000000'),
('4119929a-6c8b-11f0-bdf8-b88d122a4ff4',	'842d7b86-5c9e-11f0-9097-b88d122a4ff4',	'A221',	1,	'MIDA',	'2025-01-01 00:00:00',	'00000000-0000-0000-0000-000000000000',	'2025-01-01 00:00:00',	'00000000-0000-0000-0000-000000000000'),
('4119944b-6c8b-11f0-bdf8-b88d122a4ff4',	'842d7b86-5c9e-11f0-9097-b88d122a4ff4',	'A222',	1,	'MIDA',	'2025-01-01 00:00:00',	'00000000-0000-0000-0000-000000000000',	'2025-01-01 00:00:00',	'00000000-0000-0000-0000-000000000000'),
('411995e3-6c8b-11f0-bdf8-b88d122a4ff4',	'842d7b86-5c9e-11f0-9097-b88d122a4ff4',	'A121',	1,	'MIDA',	'2025-01-01 00:00:00',	'00000000-0000-0000-0000-000000000000',	'2025-01-01 00:00:00',	'00000000-0000-0000-0000-000000000000'),
('4119c6c1-6c8b-11f0-bdf8-b88d122a4ff4',	'842d7b86-5c9e-11f0-9097-b88d122a4ff4',	'A122',	1,	'MIDA',	'2025-01-01 00:00:00',	'00000000-0000-0000-0000-000000000000',	'2025-01-01 00:00:00',	'00000000-0000-0000-0000-000000000000'),
('4119c911-6c8b-11f0-bdf8-b88d122a4ff4',	'842d7b86-5c9e-11f0-9097-b88d122a4ff4',	'A211',	1,	'MIDA',	'2025-01-01 00:00:00',	'00000000-0000-0000-0000-000000000000',	'2025-01-01 00:00:00',	'00000000-0000-0000-0000-000000000000'),
('4119caad-6c8b-11f0-bdf8-b88d122a4ff4',	'842d7b86-5c9e-11f0-9097-b88d122a4ff4',	'A212',	1,	'MIDA',	'2025-01-01 00:00:00',	'00000000-0000-0000-0000-000000000000',	'2025-01-01 00:00:00',	'00000000-0000-0000-0000-000000000000'),
('4119cc3c-6c8b-11f0-bdf8-b88d122a4ff4',	'842d7b86-5c9e-11f0-9097-b88d122a4ff4',	'A111',	1,	'MIDA',	'2025-01-01 00:00:00',	'00000000-0000-0000-0000-000000000000',	'2025-01-01 00:00:00',	'00000000-0000-0000-0000-000000000000'),
('4119cdb6-6c8b-11f0-bdf8-b88d122a4ff4',	'842d7b86-5c9e-11f0-9097-b88d122a4ff4',	'A112',	1,	'MIDA',	'2025-01-01 00:00:00',	'00000000-0000-0000-0000-000000000000',	'2025-01-01 00:00:00',	'00000000-0000-0000-0000-000000000000'),
('4119cf40-6c8b-11f0-bdf8-b88d122a4ff4',	'842d7b86-5c9e-11f0-9097-b88d122a4ff4',	'A421',	1,	'MIDA',	'2025-01-01 00:00:00',	'00000000-0000-0000-0000-000000000000',	'2025-01-01 00:00:00',	'00000000-0000-0000-0000-000000000000'),
('4119d0c2-6c8b-11f0-bdf8-b88d122a4ff4',	'842d7b86-5c9e-11f0-9097-b88d122a4ff4',	'A422',	1,	'MIDA',	'2025-01-01 00:00:00',	'00000000-0000-0000-0000-000000000000',	'2025-01-01 00:00:00',	'00000000-0000-0000-0000-000000000000'),
('4119d241-6c8b-11f0-bdf8-b88d122a4ff4',	'842d7b86-5c9e-11f0-9097-b88d122a4ff4',	'A411',	1,	'MIDA',	'2025-01-01 00:00:00',	'00000000-0000-0000-0000-000000000000',	'2025-01-01 00:00:00',	'00000000-0000-0000-0000-000000000000'),
('4119d3c3-6c8b-11f0-bdf8-b88d122a4ff4',	'842d7b86-5c9e-11f0-9097-b88d122a4ff4',	'A412',	1,	'MIDA',	'2025-01-01 00:00:00',	'00000000-0000-0000-0000-000000000000',	'2025-01-01 00:00:00',	'00000000-0000-0000-0000-000000000000'),
('4119d54e-6c8b-11f0-bdf8-b88d122a4ff4',	'842d7b86-5c9e-11f0-9097-b88d122a4ff4',	'A311',	1,	'MIDA',	'2025-01-01 00:00:00',	'00000000-0000-0000-0000-000000000000',	'2025-01-01 00:00:00',	'00000000-0000-0000-0000-000000000000'),
('4119d6d3-6c8b-11f0-bdf8-b88d122a4ff4',	'842d7b86-5c9e-11f0-9097-b88d122a4ff4',	'A312',	1,	'MIDA',	'2025-01-01 00:00:00',	'00000000-0000-0000-0000-000000000000',	'2025-01-01 00:00:00',	'00000000-0000-0000-0000-000000000000'),
('4119d85a-6c8b-11f0-bdf8-b88d122a4ff4',	'842d7b86-5c9e-11f0-9097-b88d122a4ff4',	'C271',	1,	'MIDA',	'2025-01-01 00:00:00',	'00000000-0000-0000-0000-000000000000',	'2025-01-01 00:00:00',	'00000000-0000-0000-0000-000000000000'),
('4119d9dc-6c8b-11f0-bdf8-b88d122a4ff4',	'842d7b86-5c9e-11f0-9097-b88d122a4ff4',	'C261',	1,	'MIDA',	'2025-01-01 00:00:00',	'00000000-0000-0000-0000-000000000000',	'2025-01-01 00:00:00',	'00000000-0000-0000-0000-000000000000'),
('4119dbce-6c8b-11f0-bdf8-b88d122a4ff4',	'842d7b86-5c9e-11f0-9097-b88d122a4ff4',	'C262',	1,	'MIDA',	'2025-01-01 00:00:00',	'00000000-0000-0000-0000-000000000000',	'2025-01-01 00:00:00',	'00000000-0000-0000-0000-000000000000'),
('4119dd6c-6c8b-11f0-bdf8-b88d122a4ff4',	'842d7b86-5c9e-11f0-9097-b88d122a4ff4',	'C251',	1,	'MIDA',	'2025-01-01 00:00:00',	'00000000-0000-0000-0000-000000000000',	'2025-01-01 00:00:00',	'00000000-0000-0000-0000-000000000000'),
('4119def3-6c8b-11f0-bdf8-b88d122a4ff4',	'842d7b86-5c9e-11f0-9097-b88d122a4ff4',	'C252',	1,	'MIDA',	'2025-01-01 00:00:00',	'00000000-0000-0000-0000-000000000000',	'2025-01-01 00:00:00',	'00000000-0000-0000-0000-000000000000'),
('4119e06e-6c8b-11f0-bdf8-b88d122a4ff4',	'842d7b86-5c9e-11f0-9097-b88d122a4ff4',	'C241',	1,	'MIDA',	'2025-01-01 00:00:00',	'00000000-0000-0000-0000-000000000000',	'2025-01-01 00:00:00',	'00000000-0000-0000-0000-000000000000'),
('4119e1ea-6c8b-11f0-bdf8-b88d122a4ff4',	'842d7b86-5c9e-11f0-9097-b88d122a4ff4',	'C242',	1,	'MIDA',	'2025-01-01 00:00:00',	'00000000-0000-0000-0000-000000000000',	'2025-01-01 00:00:00',	'00000000-0000-0000-0000-000000000000'),
('411a070f-6c8b-11f0-bdf8-b88d122a4ff4',	'842d7b86-5c9e-11f0-9097-b88d122a4ff4',	'C231',	1,	'MIDA',	'2025-01-01 00:00:00',	'00000000-0000-0000-0000-000000000000',	'2025-01-01 00:00:00',	'00000000-0000-0000-0000-000000000000'),
('411a09a0-6c8b-11f0-bdf8-b88d122a4ff4',	'842d7b86-5c9e-11f0-9097-b88d122a4ff4',	'C232',	1,	'MIDA',	'2025-01-01 00:00:00',	'00000000-0000-0000-0000-000000000000',	'2025-01-01 00:00:00',	'00000000-0000-0000-0000-000000000000'),
('411a0b79-6c8b-11f0-bdf8-b88d122a4ff4',	'842d7b86-5c9e-11f0-9097-b88d122a4ff4',	'C141',	1,	'MIDA',	'2025-01-01 00:00:00',	'00000000-0000-0000-0000-000000000000',	'2025-01-01 00:00:00',	'00000000-0000-0000-0000-000000000000'),
('411a1543-6c8b-11f0-bdf8-b88d122a4ff4',	'842d7b86-5c9e-11f0-9097-b88d122a4ff4',	'C142',	1,	'MIDA',	'2025-01-01 00:00:00',	'00000000-0000-0000-0000-000000000000',	'2025-01-01 00:00:00',	'00000000-0000-0000-0000-000000000000'),
('411a1749-6c8b-11f0-bdf8-b88d122a4ff4',	'842d7b86-5c9e-11f0-9097-b88d122a4ff4',	'C131',	1,	'MIDA',	'2025-01-01 00:00:00',	'00000000-0000-0000-0000-000000000000',	'2025-01-01 00:00:00',	'00000000-0000-0000-0000-000000000000'),
('411a1930-6c8b-11f0-bdf8-b88d122a4ff4',	'842d7b86-5c9e-11f0-9097-b88d122a4ff4',	'C132',	1,	'MIDA',	'2025-01-01 00:00:00',	'00000000-0000-0000-0000-000000000000',	'2025-01-01 00:00:00',	'00000000-0000-0000-0000-000000000000'),
('411a1afb-6c8b-11f0-bdf8-b88d122a4ff4',	'842d7b86-5c9e-11f0-9097-b88d122a4ff4',	'C121',	1,	'MIDA',	'2025-01-01 00:00:00',	'00000000-0000-0000-0000-000000000000',	'2025-01-01 00:00:00',	'00000000-0000-0000-0000-000000000000'),
('411a1cdb-6c8b-11f0-bdf8-b88d122a4ff4',	'842d7b86-5c9e-11f0-9097-b88d122a4ff4',	'C122',	1,	'MIDA',	'2025-01-01 00:00:00',	'00000000-0000-0000-0000-000000000000',	'2025-01-01 00:00:00',	'00000000-0000-0000-0000-000000000000'),
('411a1ed6-6c8b-11f0-bdf8-b88d122a4ff4',	'842d7b86-5c9e-11f0-9097-b88d122a4ff4',	'AK101',	1,	'MIDA',	'2025-01-01 00:00:00',	'00000000-0000-0000-0000-000000000000',	'2025-01-01 00:00:00',	'00000000-0000-0000-0000-000000000000'),
('411a20b2-6c8b-11f0-bdf8-b88d122a4ff4',	'842d7b86-5c9e-11f0-9097-b88d122a4ff4',	'AK102',	1,	'MIDA',	'2025-01-01 00:00:00',	'00000000-0000-0000-0000-000000000000',	'2025-01-01 00:00:00',	'00000000-0000-0000-0000-000000000000'),
('411a2286-6c8b-11f0-bdf8-b88d122a4ff4',	'842d7b86-5c9e-11f0-9097-b88d122a4ff4',	'AK103',	1,	'MIDA',	'2025-01-01 00:00:00',	'00000000-0000-0000-0000-000000000000',	'2025-01-01 00:00:00',	'00000000-0000-0000-0000-000000000000'),
('411a2481-6c8b-11f0-bdf8-b88d122a4ff4',	'842d7b86-5c9e-11f0-9097-b88d122a4ff4',	'AK104',	1,	'MIDA',	'2025-01-01 00:00:00',	'00000000-0000-0000-0000-000000000000',	'2025-01-01 00:00:00',	'00000000-0000-0000-0000-000000000000'),
('411a2673-6c8b-11f0-bdf8-b88d122a4ff4',	'842d7b86-5c9e-11f0-9097-b88d122a4ff4',	'AK105',	1,	'MIDA',	'2025-01-01 00:00:00',	'00000000-0000-0000-0000-000000000000',	'2025-01-01 00:00:00',	'00000000-0000-0000-0000-000000000000'),
('411a2877-6c8b-11f0-bdf8-b88d122a4ff4',	'842d7b86-5c9e-11f0-9097-b88d122a4ff4',	'AK106',	1,	'MIDA',	'2025-01-01 00:00:00',	'00000000-0000-0000-0000-000000000000',	'2025-01-01 00:00:00',	'00000000-0000-0000-0000-000000000000'),
('411a2a74-6c8b-11f0-bdf8-b88d122a4ff4',	'842d7b86-5c9e-11f0-9097-b88d122a4ff4',	'AK107',	1,	'MIDA',	'2025-01-01 00:00:00',	'00000000-0000-0000-0000-000000000000',	'2025-01-01 00:00:00',	'00000000-0000-0000-0000-000000000000'),
('411a2c60-6c8b-11f0-bdf8-b88d122a4ff4',	'842d7b86-5c9e-11f0-9097-b88d122a4ff4',	'AK108',	1,	'MIDA',	'2025-01-01 00:00:00',	'00000000-0000-0000-0000-000000000000',	'2025-01-01 00:00:00',	'00000000-0000-0000-0000-000000000000'),
('411a2ef2-6c8b-11f0-bdf8-b88d122a4ff4',	'842d7b86-5c9e-11f0-9097-b88d122a4ff4',	'AK109',	1,	'MIDA',	'2025-01-01 00:00:00',	'00000000-0000-0000-0000-000000000000',	'2025-01-01 00:00:00',	'00000000-0000-0000-0000-000000000000'),
('411a304f-6c8b-11f0-bdf8-b88d122a4ff4',	'842d7b86-5c9e-11f0-9097-b88d122a4ff4',	'AK110',	1,	'MIDA',	'2025-01-01 00:00:00',	'00000000-0000-0000-0000-000000000000',	'2025-01-01 00:00:00',	'00000000-0000-0000-0000-000000000000'),
('411a3179-6c8b-11f0-bdf8-b88d122a4ff4',	'842d7b86-5c9e-11f0-9097-b88d122a4ff4',	'AK111',	1,	'MIDA',	'2025-01-01 00:00:00',	'00000000-0000-0000-0000-000000000000',	'2025-01-01 00:00:00',	'00000000-0000-0000-0000-000000000000'),
('411a3298-6c8b-11f0-bdf8-b88d122a4ff4',	'842d7b86-5c9e-11f0-9097-b88d122a4ff4',	'AK112',	1,	'MIDA',	'2025-01-01 00:00:00',	'00000000-0000-0000-0000-000000000000',	'2025-01-01 00:00:00',	'00000000-0000-0000-0000-000000000000'),
('411a34fb-6c8b-11f0-bdf8-b88d122a4ff4',	'842d7b86-5c9e-11f0-9097-b88d122a4ff4',	'AK113',	1,	'MIDA',	'2025-01-01 00:00:00',	'00000000-0000-0000-0000-000000000000',	'2025-01-01 00:00:00',	'00000000-0000-0000-0000-000000000000'),
('411a363c-6c8b-11f0-bdf8-b88d122a4ff4',	'842d7b86-5c9e-11f0-9097-b88d122a4ff4',	'AK114',	1,	'MIDA',	'2025-01-01 00:00:00',	'00000000-0000-0000-0000-000000000000',	'2025-01-01 00:00:00',	'00000000-0000-0000-0000-000000000000'),
('411a375f-6c8b-11f0-bdf8-b88d122a4ff4',	'842d7b86-5c9e-11f0-9097-b88d122a4ff4',	'AK115',	1,	'MIDA',	'2025-01-01 00:00:00',	'00000000-0000-0000-0000-000000000000',	'2025-01-01 00:00:00',	'00000000-0000-0000-0000-000000000000'),
('411a3880-6c8b-11f0-bdf8-b88d122a4ff4',	'842d7b86-5c9e-11f0-9097-b88d122a4ff4',	'AK116',	1,	'MIDA',	'2025-01-01 00:00:00',	'00000000-0000-0000-0000-000000000000',	'2025-01-01 00:00:00',	'00000000-0000-0000-0000-000000000000'),
('411a39a4-6c8b-11f0-bdf8-b88d122a4ff4',	'842d7b86-5c9e-11f0-9097-b88d122a4ff4',	'AK201',	1,	'MIDA',	'2025-01-01 00:00:00',	'00000000-0000-0000-0000-000000000000',	'2025-01-01 00:00:00',	'00000000-0000-0000-0000-000000000000'),
('411a3ac4-6c8b-11f0-bdf8-b88d122a4ff4',	'842d7b86-5c9e-11f0-9097-b88d122a4ff4',	'AK202',	1,	'MIDA',	'2025-01-01 00:00:00',	'00000000-0000-0000-0000-000000000000',	'2025-01-01 00:00:00',	'00000000-0000-0000-0000-000000000000'),
('411a3ca4-6c8b-11f0-bdf8-b88d122a4ff4',	'842d7b86-5c9e-11f0-9097-b88d122a4ff4',	'AK203',	1,	'MIDA',	'2025-01-01 00:00:00',	'00000000-0000-0000-0000-000000000000',	'2025-01-01 00:00:00',	'00000000-0000-0000-0000-000000000000'),
('411a3e7c-6c8b-11f0-bdf8-b88d122a4ff4',	'842d7b86-5c9e-11f0-9097-b88d122a4ff4',	'AK204',	1,	'MIDA',	'2025-01-01 00:00:00',	'00000000-0000-0000-0000-000000000000',	'2025-01-01 00:00:00',	'00000000-0000-0000-0000-000000000000'),
('411a4077-6c8b-11f0-bdf8-b88d122a4ff4',	'842d7b86-5c9e-11f0-9097-b88d122a4ff4',	'AK205',	1,	'MIDA',	'2025-01-01 00:00:00',	'00000000-0000-0000-0000-000000000000',	'2025-01-01 00:00:00',	'00000000-0000-0000-0000-000000000000'),
('411a4337-6c8b-11f0-bdf8-b88d122a4ff4',	'842d7b86-5c9e-11f0-9097-b88d122a4ff4',	'AK206',	1,	'MIDA',	'2025-01-01 00:00:00',	'00000000-0000-0000-0000-000000000000',	'2025-01-01 00:00:00',	'00000000-0000-0000-0000-000000000000'),
('411a451e-6c8b-11f0-bdf8-b88d122a4ff4',	'842d7b86-5c9e-11f0-9097-b88d122a4ff4',	'AK207',	1,	'MIDA',	'2025-01-01 00:00:00',	'00000000-0000-0000-0000-000000000000',	'2025-01-01 00:00:00',	'00000000-0000-0000-0000-000000000000'),
('411a4700-6c8b-11f0-bdf8-b88d122a4ff4',	'842d7b86-5c9e-11f0-9097-b88d122a4ff4',	'AK208',	1,	'MIDA',	'2025-01-01 00:00:00',	'00000000-0000-0000-0000-000000000000',	'2025-01-01 00:00:00',	'00000000-0000-0000-0000-000000000000'),
('411a48e5-6c8b-11f0-bdf8-b88d122a4ff4',	'842d7b86-5c9e-11f0-9097-b88d122a4ff4',	'AK209',	1,	'MIDA',	'2025-01-01 00:00:00',	'00000000-0000-0000-0000-000000000000',	'2025-01-01 00:00:00',	'00000000-0000-0000-0000-000000000000'),
('411a4ac8-6c8b-11f0-bdf8-b88d122a4ff4',	'842d7b86-5c9e-11f0-9097-b88d122a4ff4',	'AK210',	1,	'MIDA',	'2025-01-01 00:00:00',	'00000000-0000-0000-0000-000000000000',	'2025-01-01 00:00:00',	'00000000-0000-0000-0000-000000000000'),
('411a5012-6c8b-11f0-bdf8-b88d122a4ff4',	'842d7b86-5c9e-11f0-9097-b88d122a4ff4',	'AK211',	1,	'MIDA',	'2025-01-01 00:00:00',	'00000000-0000-0000-0000-000000000000',	'2025-01-01 00:00:00',	'00000000-0000-0000-0000-000000000000'),
('411a520f-6c8b-11f0-bdf8-b88d122a4ff4',	'842d7b86-5c9e-11f0-9097-b88d122a4ff4',	'AK212',	1,	'MIDA',	'2025-01-01 00:00:00',	'00000000-0000-0000-0000-000000000000',	'2025-01-01 00:00:00',	'00000000-0000-0000-0000-000000000000'),
('411a53ed-6c8b-11f0-bdf8-b88d122a4ff4',	'842d7b86-5c9e-11f0-9097-b88d122a4ff4',	'AK213',	1,	'MIDA',	'2025-01-01 00:00:00',	'00000000-0000-0000-0000-000000000000',	'2025-01-01 00:00:00',	'00000000-0000-0000-0000-000000000000'),
('411a55cd-6c8b-11f0-bdf8-b88d122a4ff4',	'842d7b86-5c9e-11f0-9097-b88d122a4ff4',	'AK214',	1,	'MIDA',	'2025-01-01 00:00:00',	'00000000-0000-0000-0000-000000000000',	'2025-01-01 00:00:00',	'00000000-0000-0000-0000-000000000000'),
('411a57b6-6c8b-11f0-bdf8-b88d122a4ff4',	'842d7b86-5c9e-11f0-9097-b88d122a4ff4',	'AK215',	1,	'MIDA',	'2025-01-01 00:00:00',	'00000000-0000-0000-0000-000000000000',	'2025-01-01 00:00:00',	'00000000-0000-0000-0000-000000000000'),
('411a599d-6c8b-11f0-bdf8-b88d122a4ff4',	'842d7b86-5c9e-11f0-9097-b88d122a4ff4',	'AK216',	1,	'MIDA',	'2025-01-01 00:00:00',	'00000000-0000-0000-0000-000000000000',	'2025-01-01 00:00:00',	'00000000-0000-0000-0000-000000000000'),
('411a5c8b-6c8b-11f0-bdf8-b88d122a4ff4',	'842d7b86-5c9e-11f0-9097-b88d122a4ff4',	'C281',	1,	'MIDA',	'2025-01-01 00:00:00',	'00000000-0000-0000-0000-000000000000',	'2025-01-01 00:00:00',	'00000000-0000-0000-0000-000000000000'),
('411a5e6e-6c8b-11f0-bdf8-b88d122a4ff4',	'869f7362-6c83-11f0-bdf8-b88d122a4ff4',	'101',	1,	'KKC',	'2025-01-01 00:00:00',	'00000000-0000-0000-0000-000000000000',	'2025-01-01 00:00:00',	'00000000-0000-0000-0000-000000000000'),
('411a6173-6c8b-11f0-bdf8-b88d122a4ff4',	'869f7362-6c83-11f0-bdf8-b88d122a4ff4',	'102',	1,	'KKC',	'2025-01-01 00:00:00',	'00000000-0000-0000-0000-000000000000',	'2025-01-01 00:00:00',	'00000000-0000-0000-0000-000000000000'),
('411a637a-6c8b-11f0-bdf8-b88d122a4ff4',	'869f7362-6c83-11f0-bdf8-b88d122a4ff4',	'103',	1,	'KKC',	'2025-01-01 00:00:00',	'00000000-0000-0000-0000-000000000000',	'2025-01-01 00:00:00',	'00000000-0000-0000-0000-000000000000'),
('411a6565-6c8b-11f0-bdf8-b88d122a4ff4',	'869f7362-6c83-11f0-bdf8-b88d122a4ff4',	'104',	1,	'KKC',	'2025-01-01 00:00:00',	'00000000-0000-0000-0000-000000000000',	'2025-01-01 00:00:00',	'00000000-0000-0000-0000-000000000000'),
('411a6750-6c8b-11f0-bdf8-b88d122a4ff4',	'869f7362-6c83-11f0-bdf8-b88d122a4ff4',	'105',	1,	'KKC',	'2025-01-01 00:00:00',	'00000000-0000-0000-0000-000000000000',	'2025-01-01 00:00:00',	'00000000-0000-0000-0000-000000000000'),
('411a6935-6c8b-11f0-bdf8-b88d122a4ff4',	'869f7362-6c83-11f0-bdf8-b88d122a4ff4',	'106',	1,	'KKC',	'2025-01-01 00:00:00',	'00000000-0000-0000-0000-000000000000',	'2025-01-01 00:00:00',	'00000000-0000-0000-0000-000000000000'),
('411a6b24-6c8b-11f0-bdf8-b88d122a4ff4',	'869f7362-6c83-11f0-bdf8-b88d122a4ff4',	'107',	1,	'KKC',	'2025-01-01 00:00:00',	'00000000-0000-0000-0000-000000000000',	'2025-01-01 00:00:00',	'00000000-0000-0000-0000-000000000000'),
('411a6d04-6c8b-11f0-bdf8-b88d122a4ff4',	'869f7362-6c83-11f0-bdf8-b88d122a4ff4',	'108',	1,	'KKC',	'2025-01-01 00:00:00',	'00000000-0000-0000-0000-000000000000',	'2025-01-01 00:00:00',	'00000000-0000-0000-0000-000000000000'),
('411a6efd-6c8b-11f0-bdf8-b88d122a4ff4',	'869f7362-6c83-11f0-bdf8-b88d122a4ff4',	'109',	1,	'KKC',	'2025-01-01 00:00:00',	'00000000-0000-0000-0000-000000000000',	'2025-01-01 00:00:00',	'00000000-0000-0000-0000-000000000000'),
('411a70c9-6c8b-11f0-bdf8-b88d122a4ff4',	'869f7362-6c83-11f0-bdf8-b88d122a4ff4',	'110',	1,	'KKC',	'2025-01-01 00:00:00',	'00000000-0000-0000-0000-000000000000',	'2025-01-01 00:00:00',	'00000000-0000-0000-0000-000000000000'),
('411a7273-6c8b-11f0-bdf8-b88d122a4ff4',	'869f7362-6c83-11f0-bdf8-b88d122a4ff4',	'111',	1,	'KKC',	'2025-01-01 00:00:00',	'00000000-0000-0000-0000-000000000000',	'2025-01-01 00:00:00',	'00000000-0000-0000-0000-000000000000'),
('411a7440-6c8b-11f0-bdf8-b88d122a4ff4',	'869f7362-6c83-11f0-bdf8-b88d122a4ff4',	'112',	1,	'KKC',	'2025-01-01 00:00:00',	'00000000-0000-0000-0000-000000000000',	'2025-01-01 00:00:00',	'00000000-0000-0000-0000-000000000000'),
('411a7622-6c8b-11f0-bdf8-b88d122a4ff4',	'869f7362-6c83-11f0-bdf8-b88d122a4ff4',	'113',	1,	'KKC',	'2025-01-01 00:00:00',	'00000000-0000-0000-0000-000000000000',	'2025-01-01 00:00:00',	'00000000-0000-0000-0000-000000000000'),
('411a7809-6c8b-11f0-bdf8-b88d122a4ff4',	'869f7362-6c83-11f0-bdf8-b88d122a4ff4',	'114',	1,	'KKC',	'2025-01-01 00:00:00',	'00000000-0000-0000-0000-000000000000',	'2025-01-01 00:00:00',	'00000000-0000-0000-0000-000000000000'),
('411a9615-6c8b-11f0-bdf8-b88d122a4ff4',	'869f7362-6c83-11f0-bdf8-b88d122a4ff4',	'115',	1,	'KKC',	'2025-01-01 00:00:00',	'00000000-0000-0000-0000-000000000000',	'2025-01-01 00:00:00',	'00000000-0000-0000-0000-000000000000'),
('411a99cc-6c8b-11f0-bdf8-b88d122a4ff4',	'869f7362-6c83-11f0-bdf8-b88d122a4ff4',	'116',	1,	'KKC',	'2025-01-01 00:00:00',	'00000000-0000-0000-0000-000000000000',	'2025-01-01 00:00:00',	'00000000-0000-0000-0000-000000000000'),
('411a9bef-6c8b-11f0-bdf8-b88d122a4ff4',	'869f7362-6c83-11f0-bdf8-b88d122a4ff4',	'117',	1,	'KKC',	'2025-01-01 00:00:00',	'00000000-0000-0000-0000-000000000000',	'2025-01-01 00:00:00',	'00000000-0000-0000-0000-000000000000'),
('411a9dd5-6c8b-11f0-bdf8-b88d122a4ff4',	'869f7362-6c83-11f0-bdf8-b88d122a4ff4',	'118',	1,	'KKC',	'2025-01-01 00:00:00',	'00000000-0000-0000-0000-000000000000',	'2025-01-01 00:00:00',	'00000000-0000-0000-0000-000000000000'),
('411a9fa6-6c8b-11f0-bdf8-b88d122a4ff4',	'869f7362-6c83-11f0-bdf8-b88d122a4ff4',	'119',	1,	'KKC',	'2025-01-01 00:00:00',	'00000000-0000-0000-0000-000000000000',	'2025-01-01 00:00:00',	'00000000-0000-0000-0000-000000000000'),
('411aa179-6c8b-11f0-bdf8-b88d122a4ff4',	'869f7362-6c83-11f0-bdf8-b88d122a4ff4',	'120',	1,	'KKC',	'2025-01-01 00:00:00',	'00000000-0000-0000-0000-000000000000',	'2025-01-01 00:00:00',	'00000000-0000-0000-0000-000000000000'),
('411aa355-6c8b-11f0-bdf8-b88d122a4ff4',	'869f7362-6c83-11f0-bdf8-b88d122a4ff4',	'201',	1,	'KKC',	'2025-01-01 00:00:00',	'00000000-0000-0000-0000-000000000000',	'2025-01-01 00:00:00',	'00000000-0000-0000-0000-000000000000'),
('411aa51f-6c8b-11f0-bdf8-b88d122a4ff4',	'869f7362-6c83-11f0-bdf8-b88d122a4ff4',	'202',	1,	'KKC',	'2025-01-01 00:00:00',	'00000000-0000-0000-0000-000000000000',	'2025-01-01 00:00:00',	'00000000-0000-0000-0000-000000000000'),
('411aa6fc-6c8b-11f0-bdf8-b88d122a4ff4',	'869f7362-6c83-11f0-bdf8-b88d122a4ff4',	'203',	1,	'KKC',	'2025-01-01 00:00:00',	'00000000-0000-0000-0000-000000000000',	'2025-01-01 00:00:00',	'00000000-0000-0000-0000-000000000000'),
('411aa9ff-6c8b-11f0-bdf8-b88d122a4ff4',	'869f7362-6c83-11f0-bdf8-b88d122a4ff4',	'204',	1,	'KKC',	'2025-01-01 00:00:00',	'00000000-0000-0000-0000-000000000000',	'2025-01-01 00:00:00',	'00000000-0000-0000-0000-000000000000'),
('411aabe4-6c8b-11f0-bdf8-b88d122a4ff4',	'869f7362-6c83-11f0-bdf8-b88d122a4ff4',	'205',	1,	'KKC',	'2025-01-01 00:00:00',	'00000000-0000-0000-0000-000000000000',	'2025-01-01 00:00:00',	'00000000-0000-0000-0000-000000000000'),
('411aae04-6c8b-11f0-bdf8-b88d122a4ff4',	'869f7362-6c83-11f0-bdf8-b88d122a4ff4',	'206',	1,	'KKC',	'2025-01-01 00:00:00',	'00000000-0000-0000-0000-000000000000',	'2025-01-01 00:00:00',	'00000000-0000-0000-0000-000000000000'),
('411ab000-6c8b-11f0-bdf8-b88d122a4ff4',	'869f7362-6c83-11f0-bdf8-b88d122a4ff4',	'207',	1,	'KKC',	'2025-01-01 00:00:00',	'00000000-0000-0000-0000-000000000000',	'2025-01-01 00:00:00',	'00000000-0000-0000-0000-000000000000'),
('411ab31e-6c8b-11f0-bdf8-b88d122a4ff4',	'869f7362-6c83-11f0-bdf8-b88d122a4ff4',	'208',	1,	'KKC',	'2025-01-01 00:00:00',	'00000000-0000-0000-0000-000000000000',	'2025-01-01 00:00:00',	'00000000-0000-0000-0000-000000000000'),
('411ab545-6c8b-11f0-bdf8-b88d122a4ff4',	'869f7362-6c83-11f0-bdf8-b88d122a4ff4',	'209',	1,	'KKC',	'2025-01-01 00:00:00',	'00000000-0000-0000-0000-000000000000',	'2025-01-01 00:00:00',	'00000000-0000-0000-0000-000000000000'),
('411ab785-6c8b-11f0-bdf8-b88d122a4ff4',	'869f7362-6c83-11f0-bdf8-b88d122a4ff4',	'210',	1,	'KKC',	'2025-01-01 00:00:00',	'00000000-0000-0000-0000-000000000000',	'2025-01-01 00:00:00',	'00000000-0000-0000-0000-000000000000'),
('411ab986-6c8b-11f0-bdf8-b88d122a4ff4',	'869f7362-6c83-11f0-bdf8-b88d122a4ff4',	'211',	1,	'KKC',	'2025-01-01 00:00:00',	'00000000-0000-0000-0000-000000000000',	'2025-01-01 00:00:00',	'00000000-0000-0000-0000-000000000000'),
('411abb8c-6c8b-11f0-bdf8-b88d122a4ff4',	'869f7362-6c83-11f0-bdf8-b88d122a4ff4',	'212',	1,	'KKC',	'2025-01-01 00:00:00',	'00000000-0000-0000-0000-000000000000',	'2025-01-01 00:00:00',	'00000000-0000-0000-0000-000000000000'),
('411abd69-6c8b-11f0-bdf8-b88d122a4ff4',	'869f7362-6c83-11f0-bdf8-b88d122a4ff4',	'213',	1,	'KKC',	'2025-01-01 00:00:00',	'00000000-0000-0000-0000-000000000000',	'2025-01-01 00:00:00',	'00000000-0000-0000-0000-000000000000'),
('411afb38-6c8b-11f0-bdf8-b88d122a4ff4',	'869f7362-6c83-11f0-bdf8-b88d122a4ff4',	'214',	1,	'KKC',	'2025-01-01 00:00:00',	'00000000-0000-0000-0000-000000000000',	'2025-01-01 00:00:00',	'00000000-0000-0000-0000-000000000000'),
('411b0044-6c8b-11f0-bdf8-b88d122a4ff4',	'869f7362-6c83-11f0-bdf8-b88d122a4ff4',	'215',	1,	'KKC',	'2025-01-01 00:00:00',	'00000000-0000-0000-0000-000000000000',	'2025-01-01 00:00:00',	'00000000-0000-0000-0000-000000000000'),
('411b0254-6c8b-11f0-bdf8-b88d122a4ff4',	'869f7362-6c83-11f0-bdf8-b88d122a4ff4',	'216',	1,	'KKC',	'2025-01-01 00:00:00',	'00000000-0000-0000-0000-000000000000',	'2025-01-01 00:00:00',	'00000000-0000-0000-0000-000000000000'),
('411b0423-6c8b-11f0-bdf8-b88d122a4ff4',	'869f7362-6c83-11f0-bdf8-b88d122a4ff4',	'217',	1,	'KKC',	'2025-01-01 00:00:00',	'00000000-0000-0000-0000-000000000000',	'2025-01-01 00:00:00',	'00000000-0000-0000-0000-000000000000'),
('411b05f8-6c8b-11f0-bdf8-b88d122a4ff4',	'869f7362-6c83-11f0-bdf8-b88d122a4ff4',	'218',	1,	'KKC',	'2025-01-01 00:00:00',	'00000000-0000-0000-0000-000000000000',	'2025-01-01 00:00:00',	'00000000-0000-0000-0000-000000000000'),
('411b07ca-6c8b-11f0-bdf8-b88d122a4ff4',	'869f7362-6c83-11f0-bdf8-b88d122a4ff4',	'219',	1,	'KKC',	'2025-01-01 00:00:00',	'00000000-0000-0000-0000-000000000000',	'2025-01-01 00:00:00',	'00000000-0000-0000-0000-000000000000'),
('411b0994-6c8b-11f0-bdf8-b88d122a4ff4',	'869f7362-6c83-11f0-bdf8-b88d122a4ff4',	'220',	1,	'KKC',	'2025-01-01 00:00:00',	'00000000-0000-0000-0000-000000000000',	'2025-01-01 00:00:00',	'00000000-0000-0000-0000-000000000000'),
('411b0ceb-6c8b-11f0-bdf8-b88d122a4ff4',	'869f7362-6c83-11f0-bdf8-b88d122a4ff4',	'301',	1,	'KKC',	'2025-01-01 00:00:00',	'00000000-0000-0000-0000-000000000000',	'2025-01-01 00:00:00',	'00000000-0000-0000-0000-000000000000'),
('411b0ed0-6c8b-11f0-bdf8-b88d122a4ff4',	'869f7362-6c83-11f0-bdf8-b88d122a4ff4',	'302',	1,	'KKC',	'2025-01-01 00:00:00',	'00000000-0000-0000-0000-000000000000',	'2025-01-01 00:00:00',	'00000000-0000-0000-0000-000000000000'),
('411b10a8-6c8b-11f0-bdf8-b88d122a4ff4',	'869f7362-6c83-11f0-bdf8-b88d122a4ff4',	'303',	1,	'KKC',	'2025-01-01 00:00:00',	'00000000-0000-0000-0000-000000000000',	'2025-01-01 00:00:00',	'00000000-0000-0000-0000-000000000000'),
('411b1270-6c8b-11f0-bdf8-b88d122a4ff4',	'869f7362-6c83-11f0-bdf8-b88d122a4ff4',	'304',	1,	'KKC',	'2025-01-01 00:00:00',	'00000000-0000-0000-0000-000000000000',	'2025-01-01 00:00:00',	'00000000-0000-0000-0000-000000000000'),
('411b142b-6c8b-11f0-bdf8-b88d122a4ff4',	'869f7362-6c83-11f0-bdf8-b88d122a4ff4',	'305',	1,	'KKC',	'2025-01-01 00:00:00',	'00000000-0000-0000-0000-000000000000',	'2025-01-01 00:00:00',	'00000000-0000-0000-0000-000000000000'),
('411b15ea-6c8b-11f0-bdf8-b88d122a4ff4',	'869f7362-6c83-11f0-bdf8-b88d122a4ff4',	'306',	1,	'KKC',	'2025-01-01 00:00:00',	'00000000-0000-0000-0000-000000000000',	'2025-01-01 00:00:00',	'00000000-0000-0000-0000-000000000000'),
('411b17be-6c8b-11f0-bdf8-b88d122a4ff4',	'869f7362-6c83-11f0-bdf8-b88d122a4ff4',	'307',	1,	'KKC',	'2025-01-01 00:00:00',	'00000000-0000-0000-0000-000000000000',	'2025-01-01 00:00:00',	'00000000-0000-0000-0000-000000000000'),
('411b1996-6c8b-11f0-bdf8-b88d122a4ff4',	'869f7362-6c83-11f0-bdf8-b88d122a4ff4',	'308',	1,	'KKC',	'2025-01-01 00:00:00',	'00000000-0000-0000-0000-000000000000',	'2025-01-01 00:00:00',	'00000000-0000-0000-0000-000000000000'),
('411b1b6f-6c8b-11f0-bdf8-b88d122a4ff4',	'869f7362-6c83-11f0-bdf8-b88d122a4ff4',	'309',	1,	'KKC',	'2025-01-01 00:00:00',	'00000000-0000-0000-0000-000000000000',	'2025-01-01 00:00:00',	'00000000-0000-0000-0000-000000000000'),
('411b1e04-6c8b-11f0-bdf8-b88d122a4ff4',	'869f7362-6c83-11f0-bdf8-b88d122a4ff4',	'310',	1,	'KKC',	'2025-01-01 00:00:00',	'00000000-0000-0000-0000-000000000000',	'2025-01-01 00:00:00',	'00000000-0000-0000-0000-000000000000'),
('411b201a-6c8b-11f0-bdf8-b88d122a4ff4',	'869f7362-6c83-11f0-bdf8-b88d122a4ff4',	'311',	1,	'KKC',	'2025-01-01 00:00:00',	'00000000-0000-0000-0000-000000000000',	'2025-01-01 00:00:00',	'00000000-0000-0000-0000-000000000000'),
('411b21fd-6c8b-11f0-bdf8-b88d122a4ff4',	'869f7362-6c83-11f0-bdf8-b88d122a4ff4',	'312',	1,	'KKC',	'2025-01-01 00:00:00',	'00000000-0000-0000-0000-000000000000',	'2025-01-01 00:00:00',	'00000000-0000-0000-0000-000000000000'),
('411b23f1-6c8b-11f0-bdf8-b88d122a4ff4',	'869f7362-6c83-11f0-bdf8-b88d122a4ff4',	'313',	1,	'KKC',	'2025-01-01 00:00:00',	'00000000-0000-0000-0000-000000000000',	'2025-01-01 00:00:00',	'00000000-0000-0000-0000-000000000000'),
('411b25e5-6c8b-11f0-bdf8-b88d122a4ff4',	'869f7362-6c83-11f0-bdf8-b88d122a4ff4',	'314',	1,	'KKC',	'2025-01-01 00:00:00',	'00000000-0000-0000-0000-000000000000',	'2025-01-01 00:00:00',	'00000000-0000-0000-0000-000000000000'),
('411b2875-6c8b-11f0-bdf8-b88d122a4ff4',	'869f7362-6c83-11f0-bdf8-b88d122a4ff4',	'315',	1,	'KKC',	'2025-01-01 00:00:00',	'00000000-0000-0000-0000-000000000000',	'2025-01-01 00:00:00',	'00000000-0000-0000-0000-000000000000'),
('411b2a6c-6c8b-11f0-bdf8-b88d122a4ff4',	'869f7362-6c83-11f0-bdf8-b88d122a4ff4',	'316',	1,	'KKC',	'2025-01-01 00:00:00',	'00000000-0000-0000-0000-000000000000',	'2025-01-01 00:00:00',	'00000000-0000-0000-0000-000000000000'),
('411b2c5e-6c8b-11f0-bdf8-b88d122a4ff4',	'869f7362-6c83-11f0-bdf8-b88d122a4ff4',	'317',	1,	'KKC',	'2025-01-01 00:00:00',	'00000000-0000-0000-0000-000000000000',	'2025-01-01 00:00:00',	'00000000-0000-0000-0000-000000000000'),
('411b2e59-6c8b-11f0-bdf8-b88d122a4ff4',	'869f7362-6c83-11f0-bdf8-b88d122a4ff4',	'318',	1,	'KKC',	'2025-01-01 00:00:00',	'00000000-0000-0000-0000-000000000000',	'2025-01-01 00:00:00',	'00000000-0000-0000-0000-000000000000'),
('411b303e-6c8b-11f0-bdf8-b88d122a4ff4',	'869f7362-6c83-11f0-bdf8-b88d122a4ff4',	'319',	1,	'KKC',	'2025-01-01 00:00:00',	'00000000-0000-0000-0000-000000000000',	'2025-01-01 00:00:00',	'00000000-0000-0000-0000-000000000000'),
('411b3232-6c8b-11f0-bdf8-b88d122a4ff4',	'869f7362-6c83-11f0-bdf8-b88d122a4ff4',	'320',	1,	'KKC',	'2025-01-01 00:00:00',	'00000000-0000-0000-0000-000000000000',	'2025-01-01 00:00:00',	'00000000-0000-0000-0000-000000000000'),
('411b3427-6c8b-11f0-bdf8-b88d122a4ff4',	'869f7362-6c83-11f0-bdf8-b88d122a4ff4',	'401',	1,	'KKC',	'2025-01-01 00:00:00',	'00000000-0000-0000-0000-000000000000',	'2025-01-01 00:00:00',	'00000000-0000-0000-0000-000000000000'),
('411b3602-6c8b-11f0-bdf8-b88d122a4ff4',	'869f7362-6c83-11f0-bdf8-b88d122a4ff4',	'402',	1,	'KKC',	'2025-01-01 00:00:00',	'00000000-0000-0000-0000-000000000000',	'2025-01-01 00:00:00',	'00000000-0000-0000-0000-000000000000'),
('411b3b37-6c8b-11f0-bdf8-b88d122a4ff4',	'869f7362-6c83-11f0-bdf8-b88d122a4ff4',	'403',	1,	'KKC',	'2025-01-01 00:00:00',	'00000000-0000-0000-0000-000000000000',	'2025-01-01 00:00:00',	'00000000-0000-0000-0000-000000000000'),
('411b3d3d-6c8b-11f0-bdf8-b88d122a4ff4',	'869f7362-6c83-11f0-bdf8-b88d122a4ff4',	'404',	1,	'KKC',	'2025-01-01 00:00:00',	'00000000-0000-0000-0000-000000000000',	'2025-01-01 00:00:00',	'00000000-0000-0000-0000-000000000000'),
('411b3f27-6c8b-11f0-bdf8-b88d122a4ff4',	'869f7362-6c83-11f0-bdf8-b88d122a4ff4',	'405',	1,	'KKC',	'2025-01-01 00:00:00',	'00000000-0000-0000-0000-000000000000',	'2025-01-01 00:00:00',	'00000000-0000-0000-0000-000000000000'),
('411b411a-6c8b-11f0-bdf8-b88d122a4ff4',	'869f7362-6c83-11f0-bdf8-b88d122a4ff4',	'406',	1,	'KKC',	'2025-01-01 00:00:00',	'00000000-0000-0000-0000-000000000000',	'2025-01-01 00:00:00',	'00000000-0000-0000-0000-000000000000'),
('411b43a5-6c8b-11f0-bdf8-b88d122a4ff4',	'869f7362-6c83-11f0-bdf8-b88d122a4ff4',	'407',	1,	'KKC',	'2025-01-01 00:00:00',	'00000000-0000-0000-0000-000000000000',	'2025-01-01 00:00:00',	'00000000-0000-0000-0000-000000000000'),
('411b4618-6c8b-11f0-bdf8-b88d122a4ff4',	'869f7362-6c83-11f0-bdf8-b88d122a4ff4',	'408',	1,	'KKC',	'2025-01-01 00:00:00',	'00000000-0000-0000-0000-000000000000',	'2025-01-01 00:00:00',	'00000000-0000-0000-0000-000000000000'),
('411b4770-6c8b-11f0-bdf8-b88d122a4ff4',	'869f7362-6c83-11f0-bdf8-b88d122a4ff4',	'409',	1,	'KKC',	'2025-01-01 00:00:00',	'00000000-0000-0000-0000-000000000000',	'2025-01-01 00:00:00',	'00000000-0000-0000-0000-000000000000'),
('411b48a4-6c8b-11f0-bdf8-b88d122a4ff4',	'869f7362-6c83-11f0-bdf8-b88d122a4ff4',	'410',	1,	'KKC',	'2025-01-01 00:00:00',	'00000000-0000-0000-0000-000000000000',	'2025-01-01 00:00:00',	'00000000-0000-0000-0000-000000000000'),
('411b49c5-6c8b-11f0-bdf8-b88d122a4ff4',	'869f7362-6c83-11f0-bdf8-b88d122a4ff4',	'411',	1,	'KKC',	'2025-01-01 00:00:00',	'00000000-0000-0000-0000-000000000000',	'2025-01-01 00:00:00',	'00000000-0000-0000-0000-000000000000'),
('411b4aed-6c8b-11f0-bdf8-b88d122a4ff4',	'869f7362-6c83-11f0-bdf8-b88d122a4ff4',	'412',	1,	'KKC',	'2025-01-01 00:00:00',	'00000000-0000-0000-0000-000000000000',	'2025-01-01 00:00:00',	'00000000-0000-0000-0000-000000000000'),
('411b4c13-6c8b-11f0-bdf8-b88d122a4ff4',	'869f7362-6c83-11f0-bdf8-b88d122a4ff4',	'413',	1,	'KKC',	'2025-01-01 00:00:00',	'00000000-0000-0000-0000-000000000000',	'2025-01-01 00:00:00',	'00000000-0000-0000-0000-000000000000'),
('411b4d3a-6c8b-11f0-bdf8-b88d122a4ff4',	'869f7362-6c83-11f0-bdf8-b88d122a4ff4',	'414',	1,	'KKC',	'2025-01-01 00:00:00',	'00000000-0000-0000-0000-000000000000',	'2025-01-01 00:00:00',	'00000000-0000-0000-0000-000000000000'),
('411b4e61-6c8b-11f0-bdf8-b88d122a4ff4',	'869f7362-6c83-11f0-bdf8-b88d122a4ff4',	'415',	1,	'KKC',	'2025-01-01 00:00:00',	'00000000-0000-0000-0000-000000000000',	'2025-01-01 00:00:00',	'00000000-0000-0000-0000-000000000000'),
('411b4f88-6c8b-11f0-bdf8-b88d122a4ff4',	'869f7362-6c83-11f0-bdf8-b88d122a4ff4',	'416',	1,	'KKC',	'2025-01-01 00:00:00',	'00000000-0000-0000-0000-000000000000',	'2025-01-01 00:00:00',	'00000000-0000-0000-0000-000000000000'),
('411b50ad-6c8b-11f0-bdf8-b88d122a4ff4',	'869f7362-6c83-11f0-bdf8-b88d122a4ff4',	'417',	1,	'KKC',	'2025-01-01 00:00:00',	'00000000-0000-0000-0000-000000000000',	'2025-01-01 00:00:00',	'00000000-0000-0000-0000-000000000000'),
('411b51d8-6c8b-11f0-bdf8-b88d122a4ff4',	'869f7362-6c83-11f0-bdf8-b88d122a4ff4',	'418',	1,	'KKC',	'2025-01-01 00:00:00',	'00000000-0000-0000-0000-000000000000',	'2025-01-01 00:00:00',	'00000000-0000-0000-0000-000000000000'),
('411b52ff-6c8b-11f0-bdf8-b88d122a4ff4',	'869f7362-6c83-11f0-bdf8-b88d122a4ff4',	'419',	1,	'KKC',	'2025-01-01 00:00:00',	'00000000-0000-0000-0000-000000000000',	'2025-01-01 00:00:00',	'00000000-0000-0000-0000-000000000000'),
('411b54b2-6c8b-11f0-bdf8-b88d122a4ff4',	'869f7362-6c83-11f0-bdf8-b88d122a4ff4',	'420',	1,	'KKC',	'2025-01-01 00:00:00',	'00000000-0000-0000-0000-000000000000',	'2025-01-01 00:00:00',	'00000000-0000-0000-0000-000000000000'),
('411b55fa-6c8b-11f0-bdf8-b88d122a4ff4',	'869f7362-6c83-11f0-bdf8-b88d122a4ff4',	'501',	1,	'KKC',	'2025-01-01 00:00:00',	'00000000-0000-0000-0000-000000000000',	'2025-01-01 00:00:00',	'00000000-0000-0000-0000-000000000000'),
('411b57dc-6c8b-11f0-bdf8-b88d122a4ff4',	'869f7362-6c83-11f0-bdf8-b88d122a4ff4',	'502',	1,	'KKC',	'2025-01-01 00:00:00',	'00000000-0000-0000-0000-000000000000',	'2025-01-01 00:00:00',	'00000000-0000-0000-0000-000000000000'),
('411b591f-6c8b-11f0-bdf8-b88d122a4ff4',	'869f7362-6c83-11f0-bdf8-b88d122a4ff4',	'503',	1,	'KKC',	'2025-01-01 00:00:00',	'00000000-0000-0000-0000-000000000000',	'2025-01-01 00:00:00',	'00000000-0000-0000-0000-000000000000'),
('411b5a54-6c8b-11f0-bdf8-b88d122a4ff4',	'869f7362-6c83-11f0-bdf8-b88d122a4ff4',	'504',	1,	'KKC',	'2025-01-01 00:00:00',	'00000000-0000-0000-0000-000000000000',	'2025-01-01 00:00:00',	'00000000-0000-0000-0000-000000000000'),
('411b5b78-6c8b-11f0-bdf8-b88d122a4ff4',	'869f7362-6c83-11f0-bdf8-b88d122a4ff4',	'505',	1,	'KKC',	'2025-01-01 00:00:00',	'00000000-0000-0000-0000-000000000000',	'2025-01-01 00:00:00',	'00000000-0000-0000-0000-000000000000'),
('411b5c98-6c8b-11f0-bdf8-b88d122a4ff4',	'869f7362-6c83-11f0-bdf8-b88d122a4ff4',	'506',	1,	'KKC',	'2025-01-01 00:00:00',	'00000000-0000-0000-0000-000000000000',	'2025-01-01 00:00:00',	'00000000-0000-0000-0000-000000000000'),
('411b5db4-6c8b-11f0-bdf8-b88d122a4ff4',	'869f7362-6c83-11f0-bdf8-b88d122a4ff4',	'507',	1,	'KKC',	'2025-01-01 00:00:00',	'00000000-0000-0000-0000-000000000000',	'2025-01-01 00:00:00',	'00000000-0000-0000-0000-000000000000'),
('411b5ed7-6c8b-11f0-bdf8-b88d122a4ff4',	'869f7362-6c83-11f0-bdf8-b88d122a4ff4',	'508',	1,	'KKC',	'2025-01-01 00:00:00',	'00000000-0000-0000-0000-000000000000',	'2025-01-01 00:00:00',	'00000000-0000-0000-0000-000000000000'),
('411b5ffc-6c8b-11f0-bdf8-b88d122a4ff4',	'869f7362-6c83-11f0-bdf8-b88d122a4ff4',	'509',	1,	'KKC',	'2025-01-01 00:00:00',	'00000000-0000-0000-0000-000000000000',	'2025-01-01 00:00:00',	'00000000-0000-0000-0000-000000000000'),
('411b6124-6c8b-11f0-bdf8-b88d122a4ff4',	'869f7362-6c83-11f0-bdf8-b88d122a4ff4',	'510',	1,	'KKC',	'2025-01-01 00:00:00',	'00000000-0000-0000-0000-000000000000',	'2025-01-01 00:00:00',	'00000000-0000-0000-0000-000000000000');

INSERT INTO `roomRate` (`id`, `roomTypeId`, `roomRate`, `singleRate`, `roomSurcharge`, `seasonSurcharge`, `extraBedRate`, `month`, `location`, `createdAtUTC`, `createdBy`, `updatedAtUTC`, `updatedBy`) VALUES
('1fd1a7d6-6861-11f0-9a03-b88d122a4ff4',	'842d7b86-5c9e-11f0-9097-b88d122a4ff4',	65000.00,	20000.00,	0.00,	0.00,	0.00,	4,	'MIDA',	'2025-07-24 14:38:00',	'00000000-0000-0000-0000-000000000000',	'2025-07-24 14:38:00',	'00000000-0000-0000-0000-000000000000'),
('25de17b4-6863-11f0-9a03-b88d122a4ff4',	'842d7b86-5c9e-11f0-9097-b88d122a4ff4',	105000.00,	30000.00,	0.00,	40000.00,	0.00,	11,	'MIDA',	'2025-07-24 14:52:29',	'00000000-0000-0000-0000-000000000000',	'2025-07-24 14:52:29',	'00000000-0000-0000-0000-000000000000'),
('28138e99-6866-11f0-9a03-b88d122a4ff4',	'7ea5128a-685f-11f0-9a03-b88d122a4ff4',	75000.00,	20000.00,	5000.00,	0.00,	0.00,	4,	'MIDA',	'2025-07-24 15:14:01',	'00000000-0000-0000-0000-000000000000',	'2025-07-24 15:14:01',	'00000000-0000-0000-0000-000000000000'),
('2ba3d79a-6865-11f0-9a03-b88d122a4ff4',	'7ea5128a-685f-11f0-9a03-b88d122a4ff4',	115000.00,	30000.00,	5000.00,	40000.00,	0.00,	0,	'MIDA',	'2025-07-24 15:06:58',	'00000000-0000-0000-0000-000000000000',	'2025-07-24 15:06:58',	'00000000-0000-0000-0000-000000000000'),
('34b98377-6861-11f0-9a03-b88d122a4ff4',	'842d7b86-5c9e-11f0-9097-b88d122a4ff4',	65000.00,	20000.00,	0.00,	0.00,	0.00,	5,	'MIDA',	'2025-07-24 14:38:35',	'00000000-0000-0000-0000-000000000000',	'2025-07-24 14:38:35',	'00000000-0000-0000-0000-000000000000'),
('4077d1b2-6862-11f0-9a03-b88d122a4ff4',	'842d7b86-5c9e-11f0-9097-b88d122a4ff4',	75000.00,	20000.00,	0.00,	15000.00,	0.00,	6,	'MIDA',	'2025-07-24 14:46:04',	'00000000-0000-0000-0000-000000000000',	'2025-07-24 14:46:04',	'00000000-0000-0000-0000-000000000000'),
('41b8e4b2-6863-11f0-9a03-b88d122a4ff4',	'842d7b86-5c9e-11f0-9097-b88d122a4ff4',	105000.00,	30000.00,	0.00,	40000.00,	0.00,	0,	'MIDA',	'2025-07-24 14:53:16',	'00000000-0000-0000-0000-000000000000',	'2025-07-24 14:53:16',	'00000000-0000-0000-0000-000000000000'),
('46d29b70-6865-11f0-9a03-b88d122a4ff4',	'7ea5128a-685f-11f0-9a03-b88d122a4ff4',	115000.00,	30000.00,	5000.00,	40000.00,	0.00,	1,	'MIDA',	'2025-07-24 15:07:43',	'00000000-0000-0000-0000-000000000000',	'2025-07-24 15:07:43',	'00000000-0000-0000-0000-000000000000'),
('47904a62-6861-11f0-9a03-b88d122a4ff4',	'842d7b86-5c9e-11f0-9097-b88d122a4ff4',	65000.00,	20000.00,	0.00,	0.00,	0.00,	8,	'MIDA',	'2025-07-24 14:39:07',	'00000000-0000-0000-0000-000000000000',	'2025-07-24 14:39:07',	'00000000-0000-0000-0000-000000000000'),
('525defba-6866-11f0-9a03-b88d122a4ff4',	'7ea5128a-685f-11f0-9a03-b88d122a4ff4',	75000.00,	20000.00,	5000.00,	0.00,	0.00,	5,	'MIDA',	'2025-07-24 15:15:12',	'00000000-0000-0000-0000-000000000000',	'2025-07-24 15:15:12',	'00000000-0000-0000-0000-000000000000'),
('5ccb67b8-6861-11f0-9a03-b88d122a4ff4',	'842d7b86-5c9e-11f0-9097-b88d122a4ff4',	65000.00,	20000.00,	0.00,	0.00,	0.00,	9,	'MIDA',	'2025-07-24 14:39:42',	'00000000-0000-0000-0000-000000000000',	'2025-07-24 14:39:42',	'00000000-0000-0000-0000-000000000000'),
('5d90b55e-6862-11f0-9a03-b88d122a4ff4',	'842d7b86-5c9e-11f0-9097-b88d122a4ff4',	75000.00,	20000.00,	0.00,	15000.00,	0.00,	7,	'MIDA',	'2025-07-24 14:46:53',	'00000000-0000-0000-0000-000000000000',	'2025-07-24 14:46:53',	'00000000-0000-0000-0000-000000000000'),
('6a35e43c-6866-11f0-9a03-b88d122a4ff4',	'7ea5128a-685f-11f0-9a03-b88d122a4ff4',	75000.00,	20000.00,	5000.00,	0.00,	0.00,	8,	'MIDA',	'2025-07-24 15:15:52',	'00000000-0000-0000-0000-000000000000',	'2025-07-24 15:15:52',	'00000000-0000-0000-0000-000000000000'),
('7475fa65-6862-11f0-9a03-b88d122a4ff4',	'842d7b86-5c9e-11f0-9097-b88d122a4ff4',	75000.00,	20000.00,	0.00,	15000.00,	0.00,	10,	'MIDA',	'2025-07-24 14:47:31',	'00000000-0000-0000-0000-000000000000',	'2025-07-24 14:47:31',	'00000000-0000-0000-0000-000000000000'),
('7fb867e5-6866-11f0-9a03-b88d122a4ff4',	'7ea5128a-685f-11f0-9a03-b88d122a4ff4',	75000.00,	20000.00,	5000.00,	0.00,	0.00,	9,	'MIDA',	'2025-07-24 15:16:28',	'00000000-0000-0000-0000-000000000000',	'2025-07-24 15:16:28',	'00000000-0000-0000-0000-000000000000'),
('86a892f1-6863-11f0-9a03-b88d122a4ff4',	'842d7b86-5c9e-11f0-9097-b88d122a4ff4',	105000.00,	30000.00,	0.00,	40000.00,	0.00,	1,	'MIDA',	'2025-07-24 14:55:11',	'00000000-0000-0000-0000-000000000000',	'2025-07-24 14:55:11',	'00000000-0000-0000-0000-000000000000'),
('93c5030d-6865-11f0-9a03-b88d122a4ff4',	'7ea5128a-685f-11f0-9a03-b88d122a4ff4',	85000.00,	20000.00,	5000.00,	15000.00,	0.00,	6,	'MIDA',	'2025-07-24 15:09:52',	'00000000-0000-0000-0000-000000000000',	'2025-07-24 15:09:52',	'00000000-0000-0000-0000-000000000000'),
('9628c1f8-6866-11f0-9a03-b88d122a4ff4',	'7ea5128a-685f-11f0-9a03-b88d122a4ff4',	85000.00,	20000.00,	5000.00,	15000.00,	0.00,	2,	'MIDA',	'2025-07-24 15:09:16',	'00000000-0000-0000-0000-000000000000',	'2025-07-24 15:09:16',	'00000000-0000-0000-0000-000000000000'),
('a39fe009-6861-11f0-9a03-b88d122a4ff4',	'842d7b86-5c9e-11f0-9097-b88d122a4ff4',	75000.00,	20000.00,	0.00,	15000.00,	0.00,	2,	'MIDA',	'2025-07-24 14:41:41',	'00000000-0000-0000-0000-000000000000',	'2025-07-24 14:41:41',	'00000000-0000-0000-0000-000000000000'),
('a671b95d-6865-11f0-9a03-b88d122a4ff4',	'7ea5128a-685f-11f0-9a03-b88d122a4ff4',	85000.00,	20000.00,	5000.00,	15000.00,	0.00,	7,	'MIDA',	'2025-07-24 15:10:24',	'00000000-0000-0000-0000-000000000000',	'2025-07-24 15:10:24',	'00000000-0000-0000-0000-000000000000'),
('bdf92351-6e1c-11f0-bcf5-b88d122a4ff4',	'869f7362-6c83-11f0-bdf8-b88d122a4ff4',	65000.00,	20000.00,	0.00,	0.00,	0.00,	4,	'KKC',	'2025-07-24 14:38:00',	'00000000-0000-0000-0000-000000000000',	'2025-07-24 14:38:00',	'00000000-0000-0000-0000-000000000000'),
('bdf924af-6e1c-11f0-bcf5-b88d122a4ff4',	'869f7362-6c83-11f0-bdf8-b88d122a4ff4',	105000.00,	30000.00,	0.00,	40000.00,	0.00,	11,	'KKC',	'2025-07-24 14:52:29',	'00000000-0000-0000-0000-000000000000',	'2025-07-24 14:52:29',	'00000000-0000-0000-0000-000000000000'),
('bdf925c3-6e1c-11f0-bcf5-b88d122a4ff4',	'869f7362-6c83-11f0-bdf8-b88d122a4ff4',	65000.00,	20000.00,	0.00,	0.00,	0.00,	5,	'KKC',	'2025-07-24 14:38:35',	'00000000-0000-0000-0000-000000000000',	'2025-07-24 14:38:35',	'00000000-0000-0000-0000-000000000000'),
('bdf9263b-6e1c-11f0-bcf5-b88d122a4ff4',	'869f7362-6c83-11f0-bdf8-b88d122a4ff4',	75000.00,	20000.00,	0.00,	15000.00,	0.00,	6,	'KKC',	'2025-07-24 14:46:04',	'00000000-0000-0000-0000-000000000000',	'2025-07-24 14:46:04',	'00000000-0000-0000-0000-000000000000'),
('bdf926b0-6e1c-11f0-bcf5-b88d122a4ff4',	'869f7362-6c83-11f0-bdf8-b88d122a4ff4',	105000.00,	30000.00,	0.00,	40000.00,	0.00,	0,	'KKC',	'2025-07-24 14:53:16',	'00000000-0000-0000-0000-000000000000',	'2025-07-24 14:53:16',	'00000000-0000-0000-0000-000000000000'),
('bdf92764-6e1c-11f0-bcf5-b88d122a4ff4',	'869f7362-6c83-11f0-bdf8-b88d122a4ff4',	65000.00,	20000.00,	0.00,	0.00,	0.00,	8,	'KKC',	'2025-07-24 14:39:07',	'00000000-0000-0000-0000-000000000000',	'2025-07-24 14:39:07',	'00000000-0000-0000-0000-000000000000'),
('bdf9281b-6e1c-11f0-bcf5-b88d122a4ff4',	'869f7362-6c83-11f0-bdf8-b88d122a4ff4',	65000.00,	20000.00,	0.00,	0.00,	0.00,	9,	'KKC',	'2025-07-24 14:39:42',	'00000000-0000-0000-0000-000000000000',	'2025-07-24 14:39:42',	'00000000-0000-0000-0000-000000000000'),
('bdf92925-6e1c-11f0-bcf5-b88d122a4ff4',	'869f7362-6c83-11f0-bdf8-b88d122a4ff4',	75000.00,	20000.00,	0.00,	15000.00,	0.00,	7,	'KKC',	'2025-07-24 14:46:53',	'00000000-0000-0000-0000-000000000000',	'2025-07-24 14:46:53',	'00000000-0000-0000-0000-000000000000'),
('bdf929ee-6e1c-11f0-bcf5-b88d122a4ff4',	'869f7362-6c83-11f0-bdf8-b88d122a4ff4',	75000.00,	20000.00,	0.00,	15000.00,	0.00,	10,	'KKC',	'2025-07-24 14:47:31',	'00000000-0000-0000-0000-000000000000',	'2025-07-24 14:47:31',	'00000000-0000-0000-0000-000000000000'),
('bdf92aa4-6e1c-11f0-bcf5-b88d122a4ff4',	'869f7362-6c83-11f0-bdf8-b88d122a4ff4',	105000.00,	30000.00,	0.00,	40000.00,	0.00,	1,	'KKC',	'2025-07-24 14:55:11',	'00000000-0000-0000-0000-000000000000',	'2025-07-24 14:55:11',	'00000000-0000-0000-0000-000000000000'),
('bdf92ba1-6e1c-11f0-bcf5-b88d122a4ff4',	'869f7362-6c83-11f0-bdf8-b88d122a4ff4',	75000.00,	20000.00,	0.00,	15000.00,	0.00,	2,	'KKC',	'2025-07-24 14:41:41',	'00000000-0000-0000-0000-000000000000',	'2025-07-24 14:41:41',	'00000000-0000-0000-0000-000000000000'),
('bdf92d47-6e1c-11f0-bcf5-b88d122a4ff4',	'869f7362-6c83-11f0-bdf8-b88d122a4ff4',	65000.00,	20000.00,	0.00,	0.00,	0.00,	3,	'KKC',	'2025-07-24 14:36:57',	'00000000-0000-0000-0000-000000000000',	'2025-07-24 14:36:57',	'00000000-0000-0000-0000-000000000000'),
('be2482ca-6865-11f0-9a03-b88d122a4ff4',	'7ea5128a-685f-11f0-9a03-b88d122a4ff4',	85000.00,	20000.00,	5000.00,	15000.00,	0.00,	10,	'MIDA',	'2025-07-24 15:11:03',	'00000000-0000-0000-0000-000000000000',	'2025-07-24 15:11:03',	'00000000-0000-0000-0000-000000000000'),
('eae8e679-6864-11f0-9a03-b88d122a4ff4',	'7ea5128a-685f-11f0-9a03-b88d122a4ff4',	115000.00,	30000.00,	5000.00,	40000.00,	0.00,	11,	'MIDA',	'2025-07-24 15:05:09',	'00000000-0000-0000-0000-000000000000',	'2025-07-24 15:05:09',	'00000000-0000-0000-0000-000000000000'),
('fa7b6763-6860-11f0-9a03-b88d122a4ff4',	'842d7b86-5c9e-11f0-9097-b88d122a4ff4',	65000.00,	20000.00,	0.00,	0.00,	0.00,	3,	'MIDA',	'2025-07-24 14:36:57',	'00000000-0000-0000-0000-000000000000',	'2025-07-24 14:36:57',	'00000000-0000-0000-0000-000000000000'),
('fbc470ff-6865-11f0-9a03-b88d122a4ff4',	'7ea5128a-685f-11f0-9a03-b88d122a4ff4',	75000.00,	20000.00,	5000.00,	0.00,	0.00,	3,	'MIDA',	'2025-07-24 15:12:47',	'00000000-0000-0000-0000-000000000000',	'2025-07-24 15:12:47',	'00000000-0000-0000-0000-000000000000');

INSERT INTO `roomType` (`id`, `roomType`, `roomTypeText`, `maxOccupancy`, `isDoubleBed`, `location`, `createdAtUTC`, `createdBy`, `updatedAtUTC`, `updatedBy`) VALUES
('7ea5128a-685f-11f0-9a03-b88d122a4ff4',	'MODERN',	'Modern',	2,	CONVERT(b'0', UNSIGNED),	'MIDA',	'2025-07-24 14:26:20',	'00000000-0000-0000-0000-000000000000',	'2025-07-24 14:26:20',	'00000000-0000-0000-0000-000000000000'),
('842d7b86-5c9e-11f0-9097-b88d122a4ff4',	'STANDARD',	'Standard',	2,	CONVERT(b'0', UNSIGNED),	'MIDA',	'2025-07-09 08:29:50',	'00000000-0000-0000-0000-000000000000',	'2025-07-09 08:29:50',	'00000000-0000-0000-0000-000000000000'),
('869f7362-6c83-11f0-bdf8-b88d122a4ff4',	'STANDARD',	'Standard',	2,	CONVERT(b'1', UNSIGNED),	'KKC',	'2025-07-29 20:54:20',	'00000000-0000-0000-0000-000000000000',	'2025-07-29 20:54:20',	'00000000-0000-0000-0000-000000000000');

-- 2025-08-01 02:46:46 UTC
